{"eta_seconds": 6713.537711999999, "fast_rcnn/cls_accuracy": 0.44594594594594594, "fast_rcnn/false_negative": 0.2892976588628763, "fast_rcnn/fg_cls_accuracy": 0.7107023411371238, "iteration": 3, "mask_rcnn/accuracy": 0.888266984425349, "mask_rcnn/false_negative": 0.026433011048443852, "mask_rcnn/false_positive": 0.32289003341958966, "roi_head/num_bg_samples": 103.0, "roi_head/num_fg_samples": 8.0, "rpn/num_neg_anchors": 253.0, "rpn/num_pos_anchors": 3.0}
{"data_time": 0.01147180000000958, "iteration": 2, "loss_box_reg": 0.18450067937374115, "loss_cls": 0.7137109041213989, "loss_mask": 0.6907649636268616, "loss_rpn_cls": 0.02131291851401329, "loss_rpn_loc": 0.0064168511889874935, "lr": 5.245e-06, "time": 69.9326845, "total_loss": 1.6101166065782309}
